{
    "ContactOffset": 0.10000000149011612,
    "Height": 44.20000076293945,
    "Radius": 50.0,
    "SlopeLimit": 46.0,
    "StepOffset": 5.0
}