{
    "Blackpoint": {
        "x": 0.0,
        "y": 0.0,
        "z": 0.0
    },
    "Bloomblending": 0.18299999833106995,
    "Contrast": {
        "x": 1.0,
        "y": 1.0,
        "z": 1.0
    },
    "Exposure": 1.0,
    "Saturation": 1.0,
    "Tint": {
        "x": 0.16300000250339508,
        "y": 0.7910000085830688,
        "z": 0.7089999914169312
    }
}