{
    "Blackpoint": {
        "x": 0.0,
        "y": 0.0,
        "z": 0.0
    },
    "Bloomblending": 0.18299999833106995,
    "Contrast": {
        "x": 1.0,
        "y": 1.0,
        "z": 1.0
    },
    "Exposure": 1.0,
    "Saturation": 1.0,
    "Tint": {
        "x": 0.25600001215934753,
        "y": 1.0,
        "z": 0.5460000038146973
    }
}