{
    "Blackpoint": {
        "x": 0.0,
        "y": 0.0,
        "z": 0.0
    },
    "Bloomblending": 0.18299999833106995,
    "Contrast": {
        "x": 1.0,
        "y": 1.0,
        "z": 1.0
    },
    "Exposure": 0.1860000044107437,
    "Saturation": 1.0,
    "Tint": {
        "x": 1.0,
        "y": 0.4339999854564667,
        "z": 0.0949999988079071
    }
}